{"schemaVersion":"1.0","appDefinitionTemplate":{"id":"/providers/Microsoft.PowerApps/apps/","type":"Microsoft.PowerApps/apps","tags":{"primaryDeviceWidth":"640","primaryDeviceHeight":"1136","sienaVersion":"20211021T081957Z-3.21102.25.0","deviceCapabilities":"","supportsPortrait":"true","supportsLandscape":"true","primaryFormFactor":"Phone","publisherVersion":"3.21102.25","minimumRequiredApiVersion":"2.2.0","hasComponent":"false","hasUnlockedComponent":"false","isUnifiedRootApp":"false"},"properties":{"appVersion":"2021-10-21T08:19:57Z","lifeCycleId":"Published","createdByClientVersion":{"major":3,"minor":21102,"build":25,"revision":0,"majorRevision":0,"minorRevision":0},"minClientVersion":{"major":3,"minor":21102,"build":25,"revision":0,"majorRevision":0,"minorRevision":0},"backgroundColor":"rgba(29, 29, 29, 1)","backgroundImageUri":"/2249166044125286750/N2eaf3976-2881-418f-ba01-5b97227ece59-logoSmallFile","displayName":"Survey App","description":"","commitMessage":"","appUris":{"documentUri":{"value":"/2249166044125286750/N1d50d121-6084-4744-802d-ee5456bdac3d-document.msapp"},"imageUris":[]},"createdTime":"0001-01-01T00:00:00Z","lastModifiedTime":"0001-01-01T00:00:00Z","sharedGroupsCount":0,"sharedUsersCount":0,"icons":{"smallIconUri":"/2249166044125286750/N630f7f3a-d01e-4af3-b4a6-bde381f0aa2c-small.png","mediumIconUri":"/2249166044125286750/N7831d9c8-b975-4d9c-8e5e-6457832a7d19-medium.png","largeIconUri":"/2249166044125286750/Nf805ef9a-56b2-48ee-bf26-f33b4425b05f-large.png","wideIconUri":"/2249166044125286750/N3a8899df-8bd0-427d-ab3e-190e8431cbec-wide.png"},"connectionReferences":{"fa2914f4-ad1f-4f21-b52c-3310e26f8c36":{"id":"e4292e18-61e1-4712-9b8f-5e69a8b5393d","displayName":"Excel","iconUri":"https://connectoricons-prod.azureedge.net/releases/v1.0.1518/1.0.1518.2564/excel/icon.png","dataSources":["Survey_details","Age_1","Ethnicity_1","Gender_1","Income_level"],"dependencies":["8e6848df-2bc7-4929-bd70-6525338b8fa9"],"dependents":[],"parameterHints":{"8e6848df-2bc7-4929-bd70-6525338b8fa9":{"value":"fileSource"}},"parameterHintsV2":{"fileSource":{"value":"8e6848df-2bc7-4929-bd70-6525338b8fa9"}},"isOnPremiseConnection":false,"bypassConsent":false,"dataSets":{"b!y5GqTBxKVEmLYplr0ZdgKLImAiioIJ1LrE-7lFRl5BQjSDLCqRhHSpmBl8a_uEwI.01N5D7IOYPGE2WXMZVMZG2J3QFM7PFL7QE":{"dataSources":{"Survey_details":{"tableName":"Survey_details"},"Age_1":{"tableName":"Age"},"Ethnicity_1":{"tableName":"Ethnicity"},"Gender_1":{"tableName":"Gender"},"Income_level":{"tableName":"Income_level"}}}},"apiTier":"Standard","isCustomApiConnection":false,"actions":["providers/PowerPlatform.Governance/Operations/Read"]},"8e6848df-2bc7-4929-bd70-6525338b8fa9":{"id":"c29adc4d-a031-4218-b2d9-545521bd6062","displayName":"OneDrive for Business","iconUri":"https://connectoricons-prod.azureedge.net/depfeife/special-train/1.0.1489.2478/onedriveforbusiness/icon.png","dataSources":[],"dependencies":[],"dependents":["fa2914f4-ad1f-4f21-b52c-3310e26f8c36"],"parameterHints":{},"parameterHintsV2":{},"isOnPremiseConnection":false,"bypassConsent":false,"dataSets":{},"apiTier":"Standard","isCustomApiConnection":false}},"databaseReferences":{},"almMode":"Environment","performanceOptimizationEnabled":true,"canConsumeAppPass":true,"executionRestrictions":{"isTeamsOnly":false,"dataLossPreventionEvaluationResult":{"status":"Compliant","lastEvaluationDate":"2021-10-14T10:22:44.792605Z","violations":[],"violationsByPolicy":[],"violationErrorMessage":"The app uses the following connectors: shared_excel, shared_onedriveforbusiness."}}},"appType":"ClassicCanvasApp","appComponents":[]}}